[
    {
        "id": 1,
        "title": "菜单1"
    },
    {
        "id": 2,
        "title": "菜单2"
    },
    {
        "id": 3,
        "title": "菜单3",
        "children":[
            {
                "id": 31,
                "title": "菜单31"
            },
            {
                "id": 32,
                "title": "菜单31"
            },
            {
                "id": 33,
                "title": "菜单31",
                "children":[
                    {
                        "id": 34,
                        "title": "菜单34"
                    },
                    {
                        "id": 35,
                        "title": "菜单35"
                    },
                    {
                        "id": 36,
                        "title": "菜单36"
                    }
                ]
            }
        ]
    }
]