[{
	"id": 1,
	"pic": "https://img.youpin.mi-img.com/youpinoper/a3265feaba881f14d6dbe6cef2ac6f7f.jpg?id=&w=1080&h=450",
	"title": "",
	"link": ""
}, {
	"id": 2,
	"pic": "https://img.youpin.mi-img.com/youpinoper/e94043966440c3071650d56014386c1c.jpg?id=&w=1080&h=450",
	"title": "",
	"link": ""
}, {
	"id": 3,
	"pic": "https://img.youpin.mi-img.com/youpinoper/71d1d6ae9f31f04078d119ee8eaeec31.jpg?id=&w=1080&h=450",
	"title": "",
	"link": ""
}, {
	"id": 4,
	"pic": "https://img.youpin.mi-img.com/youpinoper/3d629c90bf824e897ee12a9962148886.jpg?id=&w=1080&h=450",
	"title": "",
	"link": ""
}, {
	"id": 5,
	"pic": "https://img.youpin.mi-img.com/youpinoper/de1372094437e7e499de7f7ca039fcc1.jpg?id=&w=1080&h=450",
	"title": "",
	"link": ""
}, {
	"id": 6,
	"pic": "https://img.youpin.mi-img.com/youpinoper/4480f7d725782b01a8b8f7d62ca12da7.jpg?id=&w=1080&h=450",
	"title": "",
	"link": ""
}, {
	"id": 7,
	"pic": "https://img.youpin.mi-img.com/youpinoper/3995a555b160e04aed897e3c4fa253d2.jpg?id=&w=1080&h=450",
	"title": "",
	"link": ""
}]