[{
	"id": 1,
	"name": "手机电脑",
	"children": [{
		"id": 1,
		"name": "手机"
	}, {
		"id": 2,
		"name": "电脑"
	}]
}, {
	"id": 2,
	"name": "家用电器",
	"children": [{
		"id": 1,
		"name": "电视"
	}, {
		"id": 2,
		"name": "冰箱"
	}]
}, {
	"id": 3,
	"name": "家具家装",
	"children": [{
		"id": 1,
		"name": "床垫"
	}, {
		"id": 2,
		"name": "家具"
	}]
}, {
	"id": 4,
	"name": "出行车品",
	"children": [{
		"id": 1,
		"name": "骑行用品"
	}, {
		"id": 2,
		"name": "汽车用品"
	}]
}]